{
    "Fitness": 0,
    "Weights": {
        "MultiplierKing": [
            0.5699285383912427,
            -0.32398473387453885,
            0.8395672806959212,
            0.23321028267870866,
            0.3426657982156547,
            -0.3603389363205773,
            0.6556779176397859,
            -0.33821050975810907,
            0.2429291482274077,
            0.028377744553269246,
            -0.12731016526447603,
            0.25260198417495094,
            0.03957947873244137,
            0.29560981981298906,
            0.049143363001680936,
            -0.14836723283371583,
            0.7186821978948849,
            0.31337218630061936,
            0.14937511698034242,
            0.025158673874848048,
            -0.03158776028525362,
            -0.06616366800788977,
            -0.2256087922993872,
            -0.6767434592988081,
            0.17279235341054008,
            0.11661287276770171,
            0.16916456635354052,
            -0.026758336417835867,
            -0.05825824427972964,
            -0.01745441291032906,
            -0.08598072733165563,
            -0.12107943552297137,
            -0.2581417590818832,
            -0.0753895515840413,
            -0.223490482866798,
            -0.018227182266502665,
            0.0005287769205303799,
            0.4042926812710593,
            0.4052018339200156,
            0.363860061690088,
            -0.9092494121158387,
            -0.6200287728053766,
            -0.3664120394495735,
            -0.014368145810257091,
            0.3151555949288622,
            0.358921100831971,
            0.38824493619430406,
            0.569451871268881,
            -0.6113569158918539,
            -0.11132714573436635,
            0.18175421935458513,
            -0.14878367811667878,
            0.060506310446008946,
            -0.37200884942579837,
            0.04977766995183149,
            0.024822609795270095,
            -0.25731466474764897,
            0.19507673316209875,
            0.433191138032305,
            -0.24445772359448661,
            1.2650390051577658,
            -0.5863970555053651,
            0.47338249087281664,
            0.3814184117209999
        ],
        "MultiplierQueens": [
            -0.32540649260231225,
            -0.23271914602403596,
            0.18187556657309892,
            0.378833538286204,
            0.18760852961622218,
            0.33358195302605553,
            0.7673917732377915,
            1.074511848597067,
            0.12124734820609293,
            0.23926954854092686,
            0.33689019233812156,
            0.3453169486100461,
            0.21659085473304024,
            0.06759377868514461,
            0.08679700838472583,
            0.2769063656065105,
            0.2574853956840089,
            0.30055707496455136,
            0.17436457090948249,
            0.17825635538288873,
            0.12766940594532802,
            0.19051147713035096,
            0.028212938239247698,
            -0.03600908820935296,
            0.31646254645841454,
            -0.28598020023892434,
            0.22080299038993131,
            0.28333534984348513,
            0.11521784528604799,
            0.02737133970766382,
            0.3376903143001017,
            0.23995077489892744,
            -0.17904174021703428,
            0.10457332314453328,
            -0.1705936901355354,
            0.3202100400594815,
            -0.017760673849603077,
            0.3436346365284916,
            0.28732389160332805,
            0.5105058629645356,
            0.07513436707187499,
            -0.46721311814195216,
            0.3182438534854112,
            -0.05232142938888983,
            0.5473437002587745,
            0.008101001046445101,
            0.8886521519900764,
            0.4106458575016427,
            0.12543175963048,
            0.15607489253194654,
            -0.21501424903127972,
            0.2601696556748381,
            0.05804414634524033,
            0.7232257624707157,
            0.21824828282976733,
            0.43419963637051434,
            0.7331780492389097,
            0.37565451307351727,
            0.6041522636743795,
            0.27813897945248145,
            -0.08247394534634671,
            -0.2884627670079896,
            0.07573352580625528,
            0.14963811790566536
        ],
        "MultiplierRooks": [
            0.34742059376686074,
            0.25168202237240517,
            -0.08754825644872682,
            0.2094423178858147,
            0.25563837839402526,
            0.39458793177350837,
            0.05192611433258865,
            0.19272380778712145,
            0.064518142424231,
            0.2996688491013366,
            0.20170928577282748,
            0.12024253940678085,
            0.06673207964909025,
            -0.08028825547762203,
            -0.057847192054721566,
            0.2304236825987813,
            0.14843594143269603,
            0.2000992953630634,
            0.3162957087160327,
            0.05148738256441176,
            -0.0539075368482692,
            -0.14044690301144058,
            -0.09243172751131876,
            -0.015094901934342408,
            0.2693067149269058,
            0.17366084269661608,
            0.22059319999976373,
            0.07381167198328088,
            -0.03087866136453826,
            -0.13221482713685484,
            -0.12100479412479048,
            -0.12179388959109075,
            0.40664658431979395,
            0.19180386225331061,
            0.08262190679959121,
            0.14678244931170564,
            0.09181050962951387,
            -0.17839490867696914,
            -0.2051988311218616,
            -0.2388657317802754,
            0.4083886882030587,
            0.31565057139733027,
            0.17548539978940056,
            0.33021236266705123,
            0.10332628176392324,
            -0.1703525588598408,
            -0.2499131361582892,
            -0.29548277634869063,
            0.5049568533358896,
            0.36649943800555745,
            0.24453340240163113,
            0.28285727120479465,
            0.10445733399217641,
            -0.06323963567842175,
            -0.19552335582789854,
            -0.3975265100705002,
            0.3539121152323696,
            0.29006533557134995,
            0.23424280016323615,
            0.2108914603124747,
            -0.010362614662319811,
            -0.24610229093792413,
            -0.16279396921608003,
            -0.13508657123770154
        ],