{
  "stats": [
    {
      "nodesTraversed": 24773,
      "hashUsage": 1028,
      "hashUsageFull": 767,
      "hashUsageFullDepths": [
        197,
        565,
        5,
        0,
        0,
        0,
        0,
        0,
        0,
        0,
        0,
        0,
        0,
        0,
        0,
        0,
        0,
        0,
        0,
        0
      ],
      "hashMillis": 0,
      "depth": 4,
      "bestMove": "d2d4",
      "evaluation": 0.03050200000000558,
      "time": 344,
      "pgn": "[Result \u0022InProgress\u0022]\r\n1. e4 e6 ",
      "fen": "rnbqkbnr/pppp1ppp/4p3/8/4P3/8/PPPP1PPP/RNBQKBNR w KQkq - 0 2",
      "sequence": [
        "d2d4",
        "a7a5",
        "a2a4",
        "f8b4"
      ],
      "sequencePGN": "[Result \u0022InProgress\u0022]\r\n1. e4 e6 2. d4 a5 3. a4 Bb4\u002B ",
      "quiescence": 30115,
      "extensions": 0,
      "lessdeeply": 210,
      "lessdeeplyfailed": 210
    },
    {
      "nodesTraversed": 84063,
      "hashUsage": 5971,
      "hashUsageFull": 5735,
      "hashUsageFullDepths": [
        1634,
        3939,
        133,
        28,
        1,
        0,
        0,
        0,
        0,
        0,
        0,
        0,
        0,
        0,
        0,
        0,
        0,
        0,
        0,
        0
      ],
      "hashMillis": 2,
      "depth": 5,
      "bestMove": "d1f3",
      "evaluation": 0.10478771428570216,
      "time": 1145,
      "pgn": "[Result \u0022InProgress\u0022]\r\n1. e4 e6 ",
      "fen": "rnbqkbnr/pppp1ppp/4p3/8/4P3/8/PPPP1PPP/RNBQKBNR w KQkq - 0 2",
      "sequence": [
        "d1f3",
        "d8f6",
        "f3f6",
        "g8f6",
        "d2d4"
      ],
      "sequencePGN": "[Result \u0022InProgress\u0022]\r\n1. e4 e6 2. Qf3 Qf6 3. Qxf6 Nxf6 4. d4 ",
      "quiescence": 113945,
      "extensions": 0,
      "lessdeeply": 2577,
      "lessdeeplyfailed": 1253
    },
    {
      "nodesTraversed": 776133,
      "hashUsage": 99637,
      "hashUsageFull": 83964,
      "hashUsageFullDepths": [
        36059,
        46414,
        1127,
        359,
        4,
        1,
        0,
        0,
        0,
        0,
        0,
        0,
        0,
        0,
        0,
        0,
        0,
        0,
        0,
        0
      ],
      "hashMillis": 24,
      "depth": 6,
      "bestMove": "b1c3",
      "evaluation": -0.008370428571429984,
      "time": 10525,
      "pgn": "[Result \u0022InProgress\u0022]\r\n1. e4 e6 ",
      "fen": "rnbqkbnr/pppp1ppp/4p3/8/4P3/8/PPPP1PPP/RNBQKBNR w KQkq - 0 2",
      "sequence": [
        "b1c3",
        "c7c5",
        "d2d4",
        "d8h4",
        "d4c5",
        "f8c5"
      ],
      "sequencePGN": "[Result \u0022InProgress\u0022]\r\n1. e4 e6 2. Nc3 c5 3. d4 Qh4 4. dxc5 Bxc5 ",
      "quiescence": 834967,
      "extensions": 0,
      "lessdeeply": 18577,
      "lessdeeplyfailed": 7385
    }
  ]
}