{
    "Fitness": 0,
    "Weights": {
        "MultiplierKing": [
            -1.2942124542124547,
            -0.22493253373313332,
            0.07491972129657698,
            0.43767316745124507,
            0.2629354156499255,
            -0.5496249999999987,
            0.17777232708489035,
            0.26907618062736927,
            0.26778169014084474,
            0.45228070175438556,
            0.35736292428198424,
            0.13772507260406597,
            -0.21302855309592622,
            -0.07920786516853989,
            -0.10980520811974605,
            0.5625255648038062,
            7.5669298245614005,
            -0.8177777777777786,
            -0.5031679389312984,
            -0.6499816681943164,
            0.04433040614709186,
            -0.171842918985776,
            0.23964634146341396,
            0.8039242053789731,
            -0.537307692307692,
            -0.842482269503546,
            -0.7596521739130437,
            0.7587261146496821,
            0.07525495750708215,
            0.8891748768472914,
            -0.03407473309608548,
            1.0177551020408167,
            -2.6812765957446802,
            -0.5445652173913039,
            3.063284313725491,
            0.23649193548387115,
            -0.5157518796992482,
            -0.3585953177257523,
            -1.2573493975903607,
            1.7113461538461536,
            -1.5286363636363631,
            -2.0416260162601616,
            -1.7667567567567566,
            1.7043333333333324,
            0.28369369369369357,
            -0.38141592920353956,
            0.8427142857142855,
            3.834035087719298,
            -5.8264,
            1.2565384615384616,
            3.0115384615384615,
            -2.406140350877193,
            8.360800000000001,
            -3.330289855072463,
            2.3928947368421065,
            -3.405714285714286,
            -14.594999999999999,
            -8.025384615384615,
            -1.2225000000000001,
            -1.168,
            12.378333333333332,
            -7.871818181818182,
            -9.027777777777779,
            0.012800000000000011
        ],
        "MultiplierQueens": [
            -0.23086642599277996,
            1.049545454545454,
            -0.37645058448459057,
            0.2585750586395794,
            0.4820434782608688,
            -1.1779723502304138,
            -0.1501333333333334,
            6.535441176470589,
            0.3084999999999999,
            0.1647933884297524,
            0.34828175756539614,
            0.31230923329084,
            0.18025159186209025,
            0.018523316062176217,
            0.9065079365079367,
            -2.644814814814816,
            0.28269961977186286,
            0.45258606668473833,
            0.7026287878787877,
            -0.13681401617250685,
            -0.0038411316648530847,
            0.06445073612684028,
            -0.16314058355437683,
            0.7289236790606655,
            0.43894602851323883,
            0.8916179775280904,
            0.790133206470028,
            0.31509067357512965,
            0.33237489397794723,
            0.03751842751842771,
            -0.15898105813194,
            0.5384188034188039,
            0.0439867109634553,
            -0.12073786407767002,
            -0.04677725118483412,
            0.3053174603174601,
            0.7148249619482485,
            0.3621704180064309,
            0.800057388809183,
            0.5908408408408403,
            0.43124705882352915,
            -0.22748987854250996,
            -0.6533020637898692,
            0.35990196078431363,
            -0.32122222222222224,
            -0.20740223463687152,
            0.4138571428571438,
            -0.4869917355371903,
            -0.8734331337325345,
            -0.31645807259073844,
            -1.235847107438018,
            -1.2791338582677174,
            -1.226279069767442,
            0.2618271604938271,
            1.4734437086092722,
            -0.11329629629629617,
            0.986143790849673,
            1.759018691588784,
            0.1297575757575756,
            0.12447916666666657,
            1.7277439024390242,
            0.7140384615384616,
            0.32621848739495807,
            1.5135840707964596
        ],
        "MultiplierRooks": [
            0.19961335327301724,
            0.2667353357446143,
            0.06939425183657683,
            0.15817080898401747,
            0.14466804718875464,
            0.2231947740501108,
            0.45168088130774875,
            0.21300152051272306,
            0.33942657342657356,
            -1.4616585365853663,
            -0.09693384223918586,
            -0.2378887303851641,
            -0.2826685198054205,
            -0.5933369923161362,
            -0.8328790786948173,
            2.4795964125560523,
            0.30076660988075005,
            -0.7723868312757203,
            -0.5577264957264961,
            -0.35011015911872745,
            0.17017526777020417,
            -0.5176545166402536,
            -0.047978863936591704,
            -1.004779299847793,
            -0.3267488789237672,
            1.4780054644808742,
            0.4448275862068965,
            0.41644683714670294,
            0.8131640058055161,
            -1.2040312499999999,
            -2.3442430703624746,
            -1.2084374999999992,
            1.5678672985781972,
            0.26747747747747735,
            0.17671186440677988,
            -0.020831918505942317,
            0.11482932996207322,
            -0.07718503937007913,
            -0.48318713450292405,
            0.31143925233645003,
            -0.9093801652892564,
            0.5243290734824282,
            0.2503225806451609,
            1.1257780979827086,
            0.530890410958904,
            -0.18032697547683965,
            -0.3639846743295019,
            0.10121518987341746,
            -0.07636966824644546,
            0.8133752417794965,
            -0.7387985436893199,
            0.6772340425531909,
            0.17504697986577192,
            0.0984240150093806,
            -1.0410217391304348,
            1.0348587570621466,
            -0.7574655647382919,
            -0.8557894736842105,
            -0.6158258258258268,
            0.9616417910447758,
            1.0432653061224486,
            1.4465610859728508,
            -0.5192857142857145,
            -0.14703703703703688
        ],